episodio,recompensa_total,pasos,terminado_por_muerte,recompensa_final_ajustada
1,1553.5999999999526,1818,True,1553.5999999999526
2,1585.6499999999585,1583,True,1585.6499999999585
3,2279.2499999999773,3852,True,2279.2499999999773
4,2314.249999999994,4709,True,2314.249999999994
5,2512.800000000014,4263,True,2512.800000000014
6,2074.949999999955,3061,True,2074.949999999955
7,2642.2500000000637,3267,True,2642.2500000000637
8,1798.5499999999445,2094,True,1798.5499999999445
9,1618.399999999948,3046,True,1618.399999999948
1,1734.349999999947,1999,True,1734.349999999947
2,2615.050000000079,3402,True,2615.050000000079
3,1320.149999999967,2198,True,1320.149999999967
4,2002.7499999999293,2660,True,2002.7499999999293
5,1424.8499999999628,1613,True,1424.8499999999628
6,1026.9499999999805,879,True,1026.9499999999805
7,2253.5499999999934,2726,True,2253.5499999999934
8,1944.1499999999617,2010,True,1944.1499999999617
9,2116.0999999999717,3060,True,2116.0999999999717
10,1032.899999999973,1395,True,1032.899999999973
1,2565.149999999978,3911,True,2565.149999999978
2,1717.19999999996,1785,True,1717.19999999996
3,1252.8499999999542,1986,True,1252.8499999999542
4,1263.1499999999673,2331,True,1263.1499999999673
5,2241.6999999999575,3488,True,2241.6999999999575
6,1425.649999999974,1053,True,1425.649999999974
7,1714.8499999999221,3718,True,1714.8499999999221
8,2303.7999999999756,3107,True,2303.7999999999756
9,2245.549999999967,2339,True,2245.549999999967
10,1356.9999999999573,1765,True,1356.9999999999573
11,1787.7499999999307,2463,True,1787.7499999999307
12,1480.8499999999588,1718,True,1480.8499999999588
13,1362.7999999999665,1568,True,1362.7999999999665
14,2145.5499999999624,3199,True,2145.5499999999624
15,3015.4500000001717,4240,True,3015.4500000001717
16,1947.649999999945,3239,True,1947.649999999945
1,2105.9499999999466,2668,True,2105.9499999999466
2,1841.6999999999418,2261,True,1841.6999999999418
3,1645.849999999945,2399,True,1645.849999999945
4,1821.6499999999446,2053,True,1821.6499999999446
5,1428.9499999999503,1730,True,1428.9499999999503
6,2648.8500000000067,5139,True,2648.8500000000067
1,2187.5999999999685,3917,True,2187.5999999999685
2,1590.0499999999565,1469,True,1590.0499999999565
3,1323.3499999999676,1927,True,1323.3499999999676
4,1955.1999999999464,2416,True,1955.1999999999464
5,2066.2499999999663,3545,True,2066.2499999999663
6,1426.999999999968,1993,True,1426.999999999968
7,1547.9999999999586,1743,True,1547.9999999999586
8,1834.1999999999268,3101,True,1834.1999999999268
9,1514.9999999999486,1941,True,1514.9999999999486
10,1527.399999999966,2224,True,1527.399999999966
11,1361.3499999999603,2512,True,1361.3499999999603
12,1861.2499999999293,3039,True,1861.2499999999293
13,1010.0999999999694,1221,True,1010.0999999999694
1,1923.6999999999252,2981,True,1923.6999999999252
2,606.6499999999985,573,True,606.6499999999985
3,1396.849999999948,2419,True,1396.849999999948
4,1424.8499999999685,1681,True,1424.8499999999685
5,1362.9499999999605,2209,True,1362.9499999999605
6,1368.349999999933,2375,True,1368.349999999933
7,1584.3499999999344,2887,True,1584.3499999999344
8,2720.0000000000746,2830,True,2720.0000000000746
9,1701.0499999999402,3890,True,1701.0499999999402
10,626.5499999999987,511,True,626.5499999999987
11,1562.6999999999568,1955,True,1562.6999999999568
12,1873.899999999957,3632,True,1873.899999999957
13,2215.0500000000147,2946,True,2215.0500000000147
14,1394.1499999999678,1389,True,1394.1499999999678
15,1768.9499999998866,4808,True,1768.9499999998866
16,989.1499999999821,1133,True,989.1499999999821
17,1150.4999999999495,2662,True,1150.4999999999495
18,1927.4999999999286,2399,True,1927.4999999999286
19,-277.89999999995865,10505,True,-277.89999999995865
20,827.7999999999863,2708,True,827.7999999999863
21,970.2499999999723,1445,True,970.2499999999723
22,2093.3999999999814,3291,True,2093.3999999999814
23,969.2999999999765,1013,True,969.2999999999765
24,1527.5999999998683,6925,True,1527.5999999998683
25,887.0999999999221,3385,True,887.0999999999221
26,1345.3499999999287,2682,True,1345.3499999999287
27,1849.6499999999423,1979,True,1849.6499999999423
1,1801.9499999999127,3258,True,1801.9499999999127
2,997.349999999924,3053,True,997.349999999924
3,1476.8999999999496,2199,True,1476.8999999999496
4,1911.799999999958,2290,True,1911.799999999958
5,1450.249999999959,1405,True,1450.249999999959
6,1261.7499999999666,2740,True,1261.7499999999666
7,1757.6499999999387,2401,True,1757.6499999999387
8,1739.3999999999526,1547,True,1739.3999999999526
9,2903.450000000125,3434,True,2903.450000000125
10,2845.050000000119,5360,True,2845.050000000119
11,1821.8499999999328,3006,True,1821.8499999999328
12,1521.549999999957,1681,True,1521.549999999957
13,1529.199999999953,1695,True,1529.199999999953
14,1731.3999999999303,3612,True,1731.3999999999303
15,1712.8999999999498,1935,True,1712.8999999999498
16,1299.249999999969,1125,True,1299.249999999969
17,1683.049999999939,2353,True,1683.049999999939
18,2431.450000000079,3926,True,2431.450000000079
19,2295.9500000000103,4680,True,2295.9500000000103
20,2117.649999999961,2718,True,2117.649999999961
21,2201.950000000007,2890,True,2201.950000000007
22,1709.249999999916,2547,True,1709.249999999916
23,2122.699999999962,4034,True,2122.699999999962
24,2348.850000000002,3012,True,2348.850000000002
25,1307.3499999999603,1555,True,1307.3499999999603
1,2841.700000000107,3464,True,2841.700000000107
2,902.6499999999846,941,True,902.6499999999846
3,1909.949999999949,2315,True,1909.949999999949
4,1949.7499999999666,1751,True,1949.7499999999666
5,2423.549999999996,2510,True,2423.549999999996
6,1341.0999999999613,1727,True,1341.0999999999613
7,1298.0499999999686,1260,True,1298.0499999999686
8,1302.7499999999623,1745,True,1302.7499999999623
9,1421.5999999999583,1943,True,1421.5999999999583
10,562.6499999999949,513,True,562.6499999999949
11,1782.7499999999366,3881,True,1782.7499999999366
12,2064.849999999961,3411,True,2064.849999999961
13,2169.249999999967,3154,True,2169.249999999967
1,1639.999999999921,2579,True,1639.999999999921
2,1591.9499999999355,2203,True,1591.9499999999355
3,1454.0499999999672,2027,True,1454.0499999999672
4,536.0999999999981,517,True,536.0999999999981
5,1933.2999999999506,2463,True,1933.2999999999506
6,818.3999999999492,2811,True,818.3999999999492
7,1569.1999999999412,2033,True,1569.1999999999412
8,2166.449999999994,1878,True,2166.449999999994
9,1117.3999999999728,1389,True,1117.3999999999728
10,1865.9499999999591,1677,True,1865.9499999999591
11,1306.8999999999664,1191,True,1306.8999999999664
12,2028.149999999994,2218,True,2028.149999999994
13,1741.6999999999166,3797,True,1741.6999999999166
14,1726.6999999999277,2648,True,1726.6999999999277
15,1609.0499999999313,3408,True,1609.0499999999313
16,1713.7999999999208,3009,True,1713.7999999999208
17,2654.450000000061,2971,True,2654.450000000061
18,1257.0499999999531,2163,True,1257.0499999999531
19,1468.5499999999436,2886,True,1468.5499999999436
20,1184.2999999999631,1631,True,1184.2999999999631
21,1616.7999999999345,2620,True,1616.7999999999345
22,1544.5999999999335,2453,True,1544.5999999999335
23,2185.5500000000097,1711,True,2185.5500000000097
24,2095.549999999954,3211,True,2095.549999999954
25,2667.650000000126,5658,True,2667.650000000126
1,1223.949999999961,2682,True,1223.949999999961
2,558.1499999999965,523,True,558.1499999999965
3,902.7499999999811,1479,True,902.7499999999811
4,1669.1499999999583,1897,True,1669.1499999999583
5,2536.000000000013,2611,True,2536.000000000013
6,1333.4499999999653,1189,True,1333.4499999999653
7,910.79999999998,907,True,910.79999999998
8,1623.0499999999488,2111,True,1623.0499999999488
9,1542.2999999999051,6819,True,1542.2999999999051
10,2599.250000000102,4798,True,2599.250000000102
11,1654.6999999998943,7435,True,1654.6999999998943
12,405.99999999993696,7446,True,405.99999999993696
13,2237.8499999999804,4258,True,2237.8499999999804
14,2325.2500000000236,2581,True,2325.2500000000236
15,2158.4000000004216,5414,True,2158.4000000004216
16,1434.2999999998858,4742,True,1434.2999999998858
17,904.6499999999767,893,True,904.6499999999767
18,2113.349999999958,3321,True,2113.349999999958
19,2072.799999999972,1668,True,2072.799999999972
20,1242.4499999999555,1830,True,1242.4499999999555
21,1171.0499999999506,2315,True,1171.0499999999506
22,1135.249999999974,1225,True,1135.249999999974
23,1194.199999999886,3699,True,1194.199999999886
24,917.2999999999815,929,True,917.2999999999815
25,1888.6499999999357,2947,True,1888.6499999999357
1,1046.4500000000064,8183,True,1046.4500000000064
1,1550.4999999999113,4165,True,1550.4999999999113
1,660.7999999999975,2461,True,660.7999999999975
2,1476.5999999999133,3787,True,1476.5999999999133
3,1555.2999999999397,3139,True,1555.2999999999397
4,1716.699999999942,2077,True,1716.699999999942
5,2654.800000000081,4549,True,2654.800000000081
6,1810.7999999999495,3067,True,1810.7999999999495
7,839.499999999977,1297,True,839.499999999977
8,859.149999999983,903,True,859.149999999983
9,1105.4499999999437,2197,True,1105.4499999999437
10,1195.0499999999658,1235,True,1195.0499999999658
11,2107.7999999999874,3007,True,2107.7999999999874
12,762.0499999999715,1501,True,762.0499999999715
13,1451.7499999999327,3183,True,1451.7499999999327
14,1628.6499999999462,2606,True,1628.6499999999462
15,2266.250000000003,3907,True,2266.250000000003
16,1232.7999999999374,2820,True,1232.7999999999374
17,1500.8499999999271,2715,True,1500.8499999999271
18,1929.9999999999352,3755,True,1929.9999999999352
19,1840.1999999999132,5421,True,1840.1999999999132
20,577.7499999999961,2428,True,577.7499999999961
21,1080.5999999999124,3760,True,1080.5999999999124
22,1255.5999999999428,2301,True,1255.5999999999428
23,1283.0499999999681,1268,True,1283.0499999999681
24,1013.7499999999652,1313,True,1013.7499999999652
25,1146.649999999931,3871,True,1146.649999999931
1,1726.9999999999434,2367,True,1726.9999999999434
2,1419.9499999999634,1329,True,1419.9499999999634
3,2038.6499999999712,2517,True,2038.6499999999712
4,2025.4999999999784,3056,True,2025.4999999999784
5,1523.0999999999563,1744,True,1523.0999999999563
6,2380.5499999999897,3848,True,2380.5499999999897
7,1757.299999999933,3127,True,1757.299999999933
8,2006.8499999999583,3387,True,2006.8499999999583
9,2001.4000000000203,2535,True,2001.4000000000203
10,1989.049999999994,4404,True,1989.049999999994
11,1941.999999999992,4641,True,1941.999999999992
12,2144.000000000045,3846,True,2144.000000000045
13,1428.6499999999655,1473,True,1428.6499999999655
14,1628.6999999999077,3774,True,1628.6999999999077
15,1402.1499999999364,2906,True,1402.1499999999364
16,1127.8499999999453,2173,True,1127.8499999999453
17,1224.399999999954,2412,True,1224.399999999954
18,940.999999999978,1511,True,940.999999999978
19,1613.0999999999403,2181,True,1613.0999999999403
20,1437.999999999952,1859,True,1437.999999999952
21,1465.6499999999328,3668,True,1465.6499999999328
22,880.649999999948,1765,True,880.649999999948
23,1576.39999999994,3185,True,1576.39999999994
24,1426.94999999995,2017,True,1426.94999999995
25,1544.7499999999668,4313,True,1544.7499999999668
1,1953.649999999949,3022,True,1953.649999999949
2,1020.6999999999775,1509,True,1020.6999999999775
3,1244.2499999999654,2471,True,1244.2499999999654
4,233.35000000000468,853,True,233.35000000000468
5,2380.6500000000133,4151,True,2380.6500000000133
6,1988.149999999974,3910,True,1988.149999999974
7,2573.2000000000457,5136,True,2573.2000000000457
8,1585.499999999956,3863,True,1585.499999999956
9,1812.0499999999533,3240,True,1812.0499999999533
10,466.549999999995,571,True,466.549999999995
11,1785.7999999999674,2945,True,1785.7999999999674
12,2292.0999999999935,5214,True,2292.0999999999935
13,1280.9999999999666,1264,True,1280.9999999999666
14,2701.5500000001816,6583,True,2701.5500000001816
15,1813.999999999959,1985,True,1813.999999999959
16,1876.0999999999297,3362,True,1876.0999999999297
17,1698.4999999999281,3189,True,1698.4999999999281
18,1030.3999999999198,3289,True,1030.3999999999198
19,1339.4499999999466,2483,True,1339.4499999999466
20,1546.5999999998903,5209,True,1546.5999999998903
21,1277.6999999999362,2215,True,1277.6999999999362
22,1706.9499999999193,4234,True,1706.9499999999193
23,258.5000000000153,10793,True,258.5000000000153
24,1308.7999999998992,4100,True,1308.7999999998992
25,1923.7999999998797,5749,True,1923.7999999998797
1,1746.7999999999324,2832,True,1746.7999999999324
2,681.249999999854,9940,True,681.249999999854
3,1220.6499999999548,6083,True,1220.6499999999548
4,1032.29999999997,1847,True,1032.29999999997
5,1058.799999999958,5576,True,1058.799999999958
6,1195.249999999956,1970,True,1195.249999999956
7,1676.849999999927,3064,True,1676.849999999927
8,2065.349999999969,3211,True,2065.349999999969
9,1137.1499999999703,1849,True,1137.1499999999703
10,2015.899999999986,3924,True,2015.899999999986
11,796.2999999999738,1491,True,796.2999999999738
12,2391.700000000051,3884,True,2391.700000000051
13,1761.5999999999572,2173,True,1761.5999999999572
14,1283.1999999999512,2555,True,1283.1999999999512
15,1333.599999999949,2346,True,1333.599999999949
16,1489.449999999961,1577,True,1489.449999999961
17,2588.550000000054,2557,True,2588.550000000054
18,2055.00000000001,2896,True,2055.00000000001
19,2316.150000000007,2674,True,2316.150000000007
20,1051.6999999999314,3123,True,1051.6999999999314
21,1841.4999999999259,4445,True,1841.4999999999259
22,2406.6000000000618,4233,True,2406.6000000000618
23,1041.2499999999739,1205,True,1041.2499999999739
24,1588.5499999999076,2912,True,1588.5499999999076
25,1856.4999999999443,2677,True,1856.4999999999443
1,778.3499999998699,10159,True,778.3499999998699
2,1661.9999999999145,4661,True,1661.9999999999145
3,2417.5000000000286,5416,True,2417.5000000000286
4,841.3999999999701,2199,True,841.3999999999701
5,1197.5499999999663,2378,True,1197.5499999999663
6,1128.6499999999564,2862,True,1128.6499999999564
7,1728.4499999999382,2283,True,1728.4499999999382
8,1327.2999999999395,3796,True,1327.2999999999395
9,1096.2999999999706,2273,True,1096.2999999999706
10,1493.14999999994,3562,True,1493.14999999994
11,1719.9999999998631,5773,True,1719.9999999998631
12,1687.4499999999223,4109,True,1687.4499999999223
13,2142.2499999999372,5086,True,2142.2499999999372
14,1136.9999999999538,1713,True,1136.9999999999538
15,1417.749999999957,1873,True,1417.749999999957
16,2029.149999999996,2288,True,2029.149999999996
17,909.4999999999666,1871,True,909.4999999999666
18,1655.79999999992,3040,True,1655.79999999992
19,1274.5499999999613,1875,True,1274.5499999999613
20,1160.149999999962,1783,True,1160.149999999962
21,1612.5499999999643,1849,True,1612.5499999999643
22,1402.199999999962,1339,True,1402.199999999962
23,1812.6499999999548,2026,True,1812.6499999999548
24,1177.049999999871,5093,True,1177.049999999871
25,2689.0000000000623,3250,True,2689.0000000000623
26,1975.6000000000633,5147,True,1975.6000000000633
27,1361.399999999957,1601,True,1361.399999999957
28,1811.699999999905,5092,True,1811.699999999905
29,1443.449999999936,2629,True,1443.449999999936
30,1163.2499999999518,1644,True,1163.2499999999518
31,2520.300000000406,8911,True,2520.300000000406
32,2237.800000000007,3283,True,2237.800000000007
33,499.14999999999685,483,True,499.14999999999685
34,2175.950000000029,3188,True,2175.950000000029
35,1915.4999999999925,2999,True,1915.4999999999925
36,1504.4999999999459,1771,True,1504.4999999999459
37,2277.949999999979,2829,True,2277.949999999979
38,2087.7499999999413,4341,True,2087.7499999999413
39,2223.3000000002708,6162,True,2223.3000000002708
40,1710.0999999999344,1982,True,1710.0999999999344
41,2034.3500000000356,2346,True,2034.3500000000356
42,851.8499999999781,909,True,851.8499999999781
43,1795.2999999999404,2332,True,1795.2999999999404
44,2144.7000000001103,2812,True,2144.7000000001103
45,2178.399999999772,13094,True,2178.399999999772
46,1092.149999999927,2388,True,1092.149999999927
47,1186.1499999999292,2883,True,1186.1499999999292
48,1271.599999999965,1223,True,1271.599999999965
49,2198.100000000019,3257,True,2198.100000000019
50,1671.099999999913,2890,True,1671.099999999913
51,2518.600000000013,3490,True,2518.600000000013
52,857.449999999985,1023,True,857.449999999985
53,2132.600000000002,1810,True,2132.600000000002
54,2926.5000000001314,3165,True,2926.5000000001314
55,1220.8499999999756,1752,True,1220.8499999999756
1,1276.399999999967,1353,True,1276.399999999967
2,1958.0999999999624,1683,True,1958.0999999999624
3,884.2499999999775,1229,True,884.2499999999775
4,885.8499999999767,1273,True,885.8499999999767
5,1571.19999999992,2623,True,1571.19999999992
6,1873.1999999999787,3189,True,1873.1999999999787
7,1206.5499999999488,4003,True,1206.5499999999488
8,2865.1500000000824,3675,True,2865.1500000000824
9,1818.1999999999105,3894,True,1818.1999999999105
10,1778.7999999999493,2245,True,1778.7999999999493
11,1833.6999999999432,2080,True,1833.6999999999432
12,3066.550000000118,3760,True,3066.550000000118
13,1488.8999999999442,2617,True,1488.8999999999442
14,1314.8499999999558,1786,True,1314.8499999999558
15,1594.899999999954,2000,True,1594.899999999954
16,2551.450000000048,2479,True,2551.450000000048
17,840.249999999983,835,True,840.249999999983
18,3357.550000000182,3841,True,3357.550000000182
19,1199.5999999999642,2150,True,1199.5999999999642
20,1838.400000000011,3232,True,1838.400000000011
21,2000.7500000000107,2511,True,2000.7500000000107
22,2002.0499999999763,2606,True,2002.0499999999763
23,1911.5499999999581,3421,True,1911.5499999999581
24,1539.3999999999594,1719,True,1539.3999999999594
25,1023.9999999999743,2455,True,1023.9999999999743
26,1449.2499999999538,1552,True,1449.2499999999538
27,1214.9999999999598,1700,True,1214.9999999999598
28,1296.0999999999513,1975,True,1296.0999999999513
29,1934.199999999971,2380,True,1934.199999999971
30,2402.200000000031,2570,True,2402.200000000031
31,1184.4999999999413,3291,True,1184.4999999999413
32,1399.199999999948,1993,True,1399.199999999948
33,1766.8999999999378,2109,True,1766.8999999999378
1,1241.649999999964,2238,True,1241.649999999964,False
2,1412.049999999958,1594,True,1412.049999999958,False
3,1671.549999999939,2323,True,1671.549999999939,False
4,858.8999999999817,1715,True,858.8999999999817,False
5,1050.1499999999671,1613,True,1050.1499999999671,False
6,1374.3499999999492,1965,True,1374.3499999999492,False
7,1268.7499999999627,1659,True,1268.7499999999627,False
8,638.8999999998898,5743,True,638.8999999998898,False
9,883.4499999999807,889,True,883.4499999999807,False
10,1322.999999999962,1691,True,1322.999999999962,False
11,1664.3999999999398,2682,True,1664.3999999999398,False
12,2248.7000000000016,3991,True,2248.7000000000016,False
13,1034.7999999999377,3304,True,1034.7999999999377,False
14,1206.949999999945,2335,True,1206.949999999945,False
15,2139.950000000066,3608,True,2139.950000000066,False
16,1046.8999999999487,2500,True,1046.8999999999487,False
17,1738.2499999999168,3463,True,1738.2499999999168,False
18,1347.349999999935,3276,True,1347.349999999935,False
19,1073.0999999999513,4274,True,1073.0999999999513,False
20,928.5999999999722,1301,True,928.5999999999722,False
21,2396.500000000103,4829,True,2396.500000000103,False
22,1322.5999999999476,1897,True,1322.5999999999476,False
23,2038.8999999999864,2285,True,2038.8999999999864,False
24,2201.449999999978,4173,True,2201.449999999978,False
25,1539.4499999999555,2233,True,1539.4499999999555,False
1,1367.6999999999503,2366,True,1367.6999999999503,False
2,1222.7999999999643,1290,True,1222.7999999999643,False
3,868.049999999984,821,True,868.049999999984,False
4,784.4499999999787,1279,True,784.4499999999787,False
5,1745.599999999934,2678,True,1745.599999999934,False
6,495.2499999999969,485,True,495.2499999999969,False
7,1118.249999999951,3266,True,1118.249999999951,False
8,1196.599999999975,1343,True,1196.599999999975,False
9,829.9499999999782,1469,True,829.9499999999782,False
10,871.0499999999788,1027,True,871.0499999999788,False
11,1487.8999999999482,3627,True,1487.8999999999482,False
12,2194.6999999999794,4010,True,2194.6999999999794,False
13,1749.0999999999617,3998,True,1749.0999999999617,False
14,1937.9999999999561,3219,True,1937.9999999999561,False
15,1861.0499999999506,4731,True,1861.0499999999506,False
16,1614.1999999999418,1864,True,1614.1999999999418,False
17,2033.899999999979,3398,True,2033.899999999979,False
18,1330.699999999935,3263,True,1330.699999999935,False
19,786.2999999999695,2839,True,786.2999999999695,False
20,878.049999999982,821,True,878.049999999982,False
21,1588.6999999999564,2298,True,1588.6999999999564,False
22,1673.449999999888,5084,True,1673.449999999888,False
23,2342.0000000000123,2773,True,2342.0000000000123,False
24,1706.5999999999474,1848,True,1706.5999999999474,False
25,1351.849999999965,1637,True,1351.849999999965,False
26,1359.8999999998957,5750,True,1359.8999999998957,False
27,1676.0999999998817,4359,True,1676.0999999998817,False
28,1241.7499999999727,1351,True,1241.7499999999727,False
29,337.49999999999744,929,True,337.49999999999744,False
30,1155.7999999999543,2073,True,1155.7999999999543,False
31,1757.0999999999267,2905,True,1757.0999999999267,False
32,1216.5499999999206,2417,True,1216.5499999999206,False
33,2214.200000000007,2101,True,2214.200000000007,False
34,1775.5999999999467,1911,True,1775.5999999999467,False
35,1911.4999999999511,1914,True,1911.4999999999511,False
36,1212.2499999999543,1662,True,1212.2499999999543,False
37,1037.2999999999465,2307,True,1037.2999999999465,False
38,1303.2999999999342,2251,True,1303.2999999999342,False
39,1771.0999999999367,1947,True,1771.0999999999367,False
40,2513.900000000056,2485,True,2513.900000000056,False
41,1642.1499999999437,1670,True,1642.1499999999437,False
42,872.999999999912,4726,True,872.999999999912,False
43,1629.199999999942,3018,True,1629.199999999942,False
44,752.6999999999605,1545,True,752.6999999999605,False
45,1364.5999999999285,2783,True,1364.5999999999285,False
46,1376.2499999999523,1486,True,1376.2499999999523,False
47,1748.6499999999091,2917,True,1748.6499999999091,False
48,1180.7499999999527,2421,True,1180.7499999999527,False
49,1978.4000000001322,7013,True,1978.4000000001322,False
50,1971.0499999999888,2525,True,1971.0499999999888,False
51,2624.4500000001226,3074,True,2624.4500000001226,False
52,1875.299999999944,2512,True,1875.299999999944,False
53,1782.74999999993,2472,True,1782.74999999993,False
54,1579.7999999999372,2117,True,1579.7999999999372,False
55,2467.5500000000234,3806,True,2467.5500000000234,False
56,1434.0499999999884,11039,True,1434.0499999999884,False
57,1247.6999999998905,4323,True,1247.6999999998905,False
58,2113.9499999999794,2992,True,2113.9499999999794,False
59,1591.3499999999299,2346,True,1591.3499999999299,False
60,1936.599999999931,3358,True,1936.599999999931,False
61,1480.0499999999558,1579,True,1480.0499999999558,False
62,1126.2499999999416,2041,True,1126.2499999999416,False
63,1196.5499999999558,2579,True,1196.5499999999558,False
64,1786.899999999942,2278,True,1786.899999999942,False
65,1185.0499999999656,1279,True,1185.0499999999656,False
66,2071.9999999999627,3798,True,2071.9999999999627,False
67,1332.5499999999645,1244,True,1332.5499999999645,False
68,994.9499999999437,1953,True,994.9499999999437,False
69,904.2499999999357,2801,True,904.2499999999357,False
70,1253.599999999959,1305,True,1253.599999999959,False
71,1508.6499999999235,2793,True,1508.6499999999235,False
72,772.6499999999876,1221,True,772.6499999999876,False
73,1945.1999999999236,7514,True,1945.1999999999236,False
74,2039.4499999999296,5186,True,2039.4499999999296,False
75,552.3499999999499,5325,True,552.3499999999499,False
1,1616.899999999938,2864,True,1616.899999999938,False
2,1829.5999999999021,4038,True,1829.5999999999021,False
3,1096.2499999998709,5968,True,1096.2499999998709,False
4,1173.0999999999522,2581,True,1173.0999999999522,False
5,1639.7499999999343,4796,True,1639.7499999999343,False
1,1481.7999999999515,2437,True,1481.7999999999515,False
2,1593.8499999999428,2149,True,1593.8499999999428,False
1,1224.5999999999613,2169,True,1224.5999999999613,False
1,1901.8999999999644,2556,True,1901.8999999999644,False
2,4058.9500000002945,4201,True,4058.9500000002945,False
3,1709.1999999999557,1603,True,1709.1999999999557,False
1,2717.3000000000698,2756,True,2717.3000000000698,False
1,-582.0499999999709,10897,True,-582.0499999999709,False
2,321.09999999999957,839,True,321.09999999999957,False
3,562.3999999999812,2027,True,562.3999999999812,False
4,190.15000000000424,1009,True,190.15000000000424,False
5,182.9500000000064,975,True,182.9500000000064,False
6,530.8499999999785,7847,True,530.8499999999785,False
7,-137.9999999999854,10496,True,-137.9999999999854,False
8,1053.8499999999472,2983,True,1053.8499999999472,False
9,415.29999999989906,11175,True,415.29999999989906,False
10,367.09999999999076,769,True,367.09999999999076,False
11,405.8000000000051,4429,True,405.8000000000051,False
12,95.5499999999576,10343,True,95.5499999999576,False
13,-600.4999999999317,19570,True,-600.4999999999317,False
14,611.7,2367,True,611.7,False
15,1035.3999999999423,2915,True,1035.3999999999423,False
16,557.2000000000035,4323,True,557.2000000000035,False
17,16.449999999983334,13640,True,16.449999999983334,False
18,736.1999999997042,12517,True,736.1999999997042,False
19,462.79999999968027,13890,True,462.79999999968027,False
20,858.049999999901,5343,True,858.049999999901,False
21,-205.45000000020815,23952,True,-205.45000000020815,False
22,160.65000000004562,15317,True,160.65000000004562,False
23,613.3999999999523,12750,True,613.3999999999523,False
24,128.5499999997199,20607,True,128.5499999997199,False
25,868.6999999997236,11706,True,868.6999999997236,False
26,1397.449999999847,7410,True,1397.449999999847,False
27,694.6499999999917,4597,True,694.6499999999917,False
28,391.299999999896,13828,True,391.299999999896,False
29,1946.2999999998772,6341,True,1946.2999999998772,False
30,1112.8999999999126,3427,True,1112.8999999999126,False
31,1328.349999999874,7571,True,1328.349999999874,False
32,1329.5499999997837,10741,True,1329.5499999997837,False
33,2045.699999999956,4702,True,2045.699999999956,False
34,1738.399999999832,10322,True,1738.399999999832,False
35,643.4499999999821,8246,True,643.4499999999821,False
36,426.90000000003175,6557,True,426.90000000003175,False
37,1431.1999999999127,8861,True,1431.1999999999127,False
38,2039.3000000000281,4138,True,2039.3000000000281,False
39,1197.699999999876,4600,True,1197.699999999876,False
40,863.6499999998871,6444,True,863.6499999998871,False
41,947.0999999999656,2786,True,947.0999999999656,False
42,1501.4499999998634,5820,True,1501.4499999998634,False
43,1031.2499999999561,3416,True,1031.2499999999561,False
44,1254.7499999999586,7031,True,1254.7499999999586,False
45,1195.2999999999358,2863,True,1195.2999999999358,False
46,1294.3999999999296,6241,True,1294.3999999999296,False
47,423.84999999991055,13271,True,423.84999999991055,False
48,128.84999999996552,10806,True,128.84999999996552,False
49,1143.0499999998276,9032,True,1143.0499999998276,False
50,743.5999999997675,10068,True,743.5999999997675,False
51,1363.3499999999535,6193,True,1363.3499999999535,False
52,2236.1000000001286,4954,True,2236.1000000001286,False
53,1074.8999999999514,2551,True,1074.8999999999514,False
54,1246.6499999999644,1377,True,1246.6499999999644,False
55,1388.849999999897,5509,True,1388.849999999897,False
56,158.20000000001994,10717,True,158.20000000001994,False
57,817.0999999999931,5613,True,817.0999999999931,False
58,445.79999999996534,13608,True,445.79999999996534,False
59,1697.6999999999214,2829,True,1697.6999999999214,False
60,1081.7499999999588,14542,True,1081.7499999999588,False
61,472.34999999999405,627,True,472.34999999999405,False
62,1522.2999999999647,8014,True,1522.2999999999647,False
63,-76.40000000010792,11576,True,-76.40000000010792,False
64,1165.299999999959,1465,True,1165.299999999959,False
65,346.849999999996,797,True,346.849999999996,False
66,1213.2999999998942,3647,True,1213.2999999998942,False
67,1179.4499999999205,3511,True,1179.4499999999205,False
68,1924.7999999999531,4099,True,1924.7999999999531,False
69,-173.35000000005903,9786,True,-173.35000000005903,False
70,1806.0999999998783,6338,True,1806.0999999998783,False
71,1151.549999999954,2293,True,1151.549999999954,False
72,856.49999999998,8972,True,856.49999999998,False
73,541.1999999998131,15001,True,541.1999999998131,False
74,-211.20000000006792,12133,True,-211.20000000006792,False
75,989.5499999999197,4217,True,989.5499999999197,False
76,729.599999999969,1491,True,729.599999999969,False
77,1220.599999999877,6406,True,1220.599999999877,False
78,1347.5999999998842,5199,True,1347.5999999998842,False
79,485.5499999998783,5083,True,485.5499999998783,False
80,1643.1499999999028,3312,True,1643.1499999999028,False
81,1498.349999999969,7338,True,1498.349999999969,False
82,682.7499999999634,2538,True,682.7499999999634,False
83,486.850000000034,21117,True,486.850000000034,False
84,1633.449999999912,7115,True,1633.449999999912,False
85,1501.8499999999278,2460,True,1501.8499999999278,False
86,1008.4999999999691,2040,True,1008.4999999999691,False
87,483.6500000000071,9814,True,483.6500000000071,False
88,1508.7999999999395,2440,True,1508.7999999999395,False
89,982.7999999999631,4132,True,982.7999999999631,False
90,1040.799999999944,3529,True,1040.799999999944,False
91,600.5999999999046,9941,True,600.5999999999046,False
92,1005.8999999999733,1019,True,1005.8999999999733,False
93,574.7999999997769,10720,True,574.7999999997769,False
94,1897.349999999905,5360,True,1897.349999999905,False
95,2579.700000000109,6257,True,2579.700000000109,False
96,1164.2999999999313,3610,True,1164.2999999999313,False
97,1927.6499999998543,9081,True,1927.6499999998543,False
98,1150.3999999997366,14294,True,1150.3999999997366,False
99,1030.649999999961,9592,True,1030.649999999961,False
100,1796.099999999896,4639,True,1796.099999999896,False
101,1588.2499999996596,12687,True,1588.2499999996596,False
102,1411.1499999999453,2100,True,1411.1499999999453,False
103,643.6499999997734,12929,True,643.6499999997734,False
104,-474.74999999998346,10552,True,-474.74999999998346,False
105,1597.5499999999033,3195,True,1597.5499999999033,False
106,976.9499999997415,12298,True,976.9499999997415,False
107,1700.649999999802,6348,True,1700.649999999802,False
108,1639.0499999999552,4291,True,1639.0499999999552,False
109,917.7999999997562,9998,True,917.7999999997562,False
110,704.2499999999748,1381,True,704.2499999999748,False
111,1389.2999999998854,5528,True,1389.2999999998854,False
112,1411.9499999998213,6017,True,1411.9499999998213,False
113,886.5999999999767,4161,True,886.5999999999767,False
114,1127.59999999988,4596,True,1127.59999999988,False
115,-345.45000000008986,11690,True,-345.45000000008986,False
116,681.5499999999934,2033,True,681.5499999999934,False
117,576.1499999998507,13364,True,576.1499999998507,False
118,961.7999999999045,3902,True,961.7999999999045,False
119,1224.3999999999567,1591,True,1224.3999999999567,False
120,941.6999999999589,1801,True,941.6999999999589,False
121,-178.65000000026038,16835,True,-178.65000000026038,False
122,1026.3999999998948,3487,True,1026.3999999998948,False
123,1220.1999999998895,7895,True,1220.1999999998895,False
124,742.1499999999628,1925,True,742.1499999999628,False
125,951.6499999999398,2401,True,951.6499999999398,False
126,1124.5499999997899,12908,True,1124.5499999997899,False
127,1264.399999999888,19088,True,1264.399999999888,False
128,1160.6999999999382,2657,True,1160.6999999999382,False
129,798.7499999999527,2105,True,798.7499999999527,False
130,912.5499999999613,1949,True,912.5499999999613,False
131,692.0999999999531,4458,True,692.0999999999531,False
132,1457.2499999999256,3180,True,1457.2499999999256,False
133,806.5499999999697,2968,True,806.5499999999697,False
134,1158.8499999999385,4193,True,1158.8499999999385,False
135,899.2499999998524,12089,True,899.2499999998524,False
136,1034.4999999998029,9504,True,1034.4999999998029,False
137,975.7499999997844,8383,True,975.7499999997844,False
138,2078.899999999999,2874,True,2078.899999999999,False
139,1399.0999999999453,1805,True,1399.0999999999453,False
140,1052.749999999888,8208,True,1052.749999999888,False
141,20.49999999979923,11499,True,20.49999999979923,False
142,930.9999999999384,2896,True,930.9999999999384,False
143,2099.8999999998555,9202,True,2099.8999999998555,False
144,1916.9999999999484,4313,True,1916.9999999999484,False
145,1808.84999999992,3101,True,1808.84999999992,False
146,566.2999999999449,2895,True,566.2999999999449,False
147,604.4499999998411,11005,True,604.4499999998411,False
148,756.0999999999663,1761,True,756.0999999999663,False
149,1350.999999999934,3010,True,1350.999999999934,False
150,1191.6499999999444,2326,True,1191.6499999999444,False
151,1552.5499999999035,5060,True,1552.5499999999035,False
152,837.4999999999382,3374,True,837.4999999999382,False
153,1948.449999999995,6336,True,1948.449999999995,False
154,222.2500000000067,5293,True,222.2500000000067,False
155,967.7999999999172,5413,True,967.7999999999172,False
156,782.1499999998391,11723,True,782.1499999998391,False
157,700.5999999996127,14122,True,700.5999999996127,False
158,1314.0999999998935,6319,True,1314.0999999998935,False
159,1726.549999999792,8252,True,1726.549999999792,False
160,614.5999999997321,13523,True,614.5999999997321,False
161,-149.44999999996674,15625,True,-149.44999999996674,False
162,-236.7000000003801,19032,True,-236.7000000003801,False
163,1055.499999999926,3584,True,1055.499999999926,False
164,1208.2999999999602,1825,True,1208.2999999999602,False
165,1309.9499999999377,7282,True,1309.9499999999377,False
166,814.9499999999753,1003,True,814.9499999999753,False
167,1233.5499999999663,1231,True,1233.5499999999663,False
168,124.6999999998742,11265,True,124.6999999998742,False
169,635.8999999999812,1049,True,635.8999999999812,False
170,1516.39999999983,9699,True,1516.39999999983,False
171,786.9999999999748,1643,True,786.9999999999748,False
172,2101.100000000014,7635,True,2101.100000000014,False
173,1156.2499999998868,5503,True,1156.2499999998868,False
174,-188.85000000003527,12290,True,-188.85000000003527,False
175,2063.899999999975,5328,True,2063.899999999975,False
176,1279.9499999999318,5463,True,1279.9499999999318,False
1,1541.3999999999241,4406,True,1541.3999999999241,False
1,1666.4999999999347,4959,True,1666.4999999999347,False
2,93.94999999994889,6750,True,93.94999999994889,False
3,749.8999999999755,5456,True,749.8999999999755,False
4,-105.34999999998286,4589,True,-105.34999999998286,False
5,-556.6000000000333,6005,True,-556.6000000000333,False
6,1260.2499999999493,3789,True,1260.2499999999493,False
7,555.6999999999427,2760,True,555.6999999999427,False
8,367.2999999999923,3381,True,367.2999999999923,False
9,-709.5499999999931,4107,True,-709.5499999999931,False
10,696.799999999954,2464,True,696.799999999954,False
11,574.0999999999979,3781,True,574.0999999999979,False
12,975.9499999998932,3992,True,975.9499999998932,False
13,545.4999999999811,4497,True,545.4999999999811,False
14,-580.4499999999882,6947,True,-580.4499999999882,False
15,462.84999999996734,1725,True,462.84999999996734,False
16,1112.1499999999364,3285,True,1112.1499999999364,False
17,264.649999999969,3671,True,264.649999999969,False
18,425.249999999973,9055,True,425.249999999973,False
19,1815.5499999999554,2229,True,1815.5499999999554,False
20,1190.199999999929,6584,True,1190.199999999929,False
21,1899.199999999929,2697,True,1899.199999999929,False
1,1164.44999999995,3069,True,1164.44999999995,False
2,1384.6999999999418,2129,True,1384.6999999999418,False
3,877.6999999999789,1401,True,877.6999999999789,False
4,1404.4499999999337,2765,True,1404.4499999999337,False
5,402.2999999998444,10776,True,402.2999999998444,False
6,1314.8999999999257,7010,True,1314.8999999999257,False
7,1491.6499999999285,4059,True,1491.6499999999285,False
8,1105.5999999999508,3166,True,1105.5999999999508,False
9,1625.3999999999467,2325,True,1625.3999999999467,False
10,1119.7499999999607,2204,True,1119.7499999999607,False
11,271.39999999993614,9971,True,271.39999999993614,False
12,810.6999999999798,1513,True,810.6999999999798,False
13,975.999999999882,6308,True,975.999999999882,False
14,1137.9999999999325,4529,True,1137.9999999999325,False
15,440.04999999984847,9505,True,440.04999999984847,False
16,1475.3499999999324,2214,True,1475.3499999999324,False
17,1860.949999999859,6327,True,1860.949999999859,False
18,737.3999999999617,2471,True,737.3999999999617,False
19,1020.4999999999698,3291,True,1020.4999999999698,False
20,1850.5499999999229,3902,True,1850.5499999999229,False
21,1781.4999999999045,6941,True,1781.4999999999045,False
22,1076.2499999999625,1953,True,1076.2499999999625,False
23,464.1999999999814,2329,True,464.1999999999814,False
24,1830.3499999999342,3359,True,1830.3499999999342,False
25,-1099.8500000001686,12477,True,-1099.8500000001686,False
26,707.0999999999456,3330,True,707.0999999999456,False
27,130.750000000005,3926,True,130.750000000005,False
28,-90.89999999998813,4005,True,-90.89999999998813,False
29,478.69999999998987,2947,True,478.69999999998987,False
30,879.2999999999561,3226,True,879.2999999999561,False
31,1003.599999999969,1737,True,1003.599999999969,False
32,947.3999999999767,2869,True,947.3999999999767,False
33,408.54999999999876,671,True,408.54999999999876,False
34,684.9499999999734,1513,True,684.9499999999734,False
35,-2552.949999999438,11444,True,-2552.949999999438,False
36,2013.4499999999978,3246,True,2013.4499999999978,False
37,630.6999999999625,1863,True,630.6999999999625,False
38,-78.25000000008214,12446,True,-78.25000000008214,False
39,1790.9500000000164,5677,True,1790.9500000000164,False
40,1077.2499999999295,3328,True,1077.2499999999295,False
41,667.599999999904,3961,True,667.599999999904,False
42,1104.2499999999595,2459,True,1104.2499999999595,False
43,1312.1499999999285,2604,True,1312.1499999999285,False
44,1339.1499999999241,2584,True,1339.1499999999241,False
1,1815.2000000000792,6214,True,1815.2000000000792,False
1,1520.849999999957,2225,True,1520.849999999957,False
2,2305.0499999999965,1671,True,2305.0499999999965,False
3,1719.4999999999563,1951,True,1719.4999999999563,False
4,836.449999999978,893,True,836.449999999978,False
5,2478.2500000000496,3556,True,2478.2500000000496,False
6,639.1499999999968,443,True,639.1499999999968,False
7,650.1499999999966,423,True,650.1499999999966,False
8,1148.0999999999572,3029,True,1148.0999999999572,False
9,1736.5999999999442,2591,True,1736.5999999999442,False
10,639.649999999997,453,True,639.649999999997,False
11,2247.3499999999945,2477,True,2247.3499999999945,False
12,1613.1499999999585,1781,True,1613.1499999999585,False
13,2516.7500000000286,3236,True,2516.7500000000286,False
14,1410.74999999997,1179,True,1410.74999999997,False
15,1562.449999999954,2981,True,1562.449999999954,False
16,2194.2000000000094,2824,True,2194.2000000000094,False
17,1014.9999999999795,1669,True,1014.9999999999795,False
18,1667.499999999946,4085,True,1667.499999999946,False
19,2311.1500000000024,4032,True,2311.1500000000024,False
20,2179.3000000000093,2574,True,2179.3000000000093,False
21,1436.849999999965,1474,True,1436.849999999965,False
22,2259.400000000018,2497,True,2259.400000000018,False
1,1734.699999999941,3402,True,1734.699999999941,False
2,1182.8499999999622,1519,True,1182.8499999999622,False
